SN,WRINVSTG_NO,DPRS_CNT,INJPSN_CNT,HNL_DMGE_CNT,PRPRTY_DMGE_AMT,UPRINSTT_NM,FRSTT_NM,WARD_NM,LFDAU_NM,FIRE_OCRN_YMD,FIRE_OCRN_TIME,RCPT_YMD,RCPT_TM,LOC_INFO_X,LOC_INFO_Y,DSP_YMD,DSP_TM,SPT_ARVL_YMD,SPT_ARVL_TM,FSMDEM_YMD,FSMDEM_TM,COMPET_YMD,COMPET_TM,HMG_YMD,HMG_TM,DSP_REQRE_TIME,FIRE_SUPESN_TIME,SPT_FRSTT_DIST,SPT_SAFE_CNTER_DIST,SPT_LFDAU_DIST,SIDO_NM,SIGUNGU_NM,EMD_NM,EMD_SE_NM,LNBR,ROAD_NM,FCLTY_PLACE_LCLAS_NM,FCLTY_PLACE_MCLAS_NM,FCLTY_PLACE_SCLAS_NM,FIRE_TYPE_NM,IGN_BHF,IGN_CAUSE,IGN_HTSRC_NM,IGN_FCTR_SCLAS_NM,IGN_FCTR_LCLAS_NM,IGN_HTSRC_SCLAS_NM,FRST_IGOBJ_LCLAS_NM,FRST_IGOBJ_SCLAS_NM,CMBS_EXPOBJ_LCLAS_NM,CMBS_EXPOBJ_SCLAS_NM,OCRN_CAUSE,ALL_HNF_CNT_SUM,MBLZ_FFPWR_CNT,LYCRG_FIREMAN_CNT,POLICE_CNT,GNRL_CNT,SOLDIER_CNT,ELCTY_GAS_INSTT_CNT,ETC_CNT,MBLZ_EQPMN_CNT,WETHR,TP,HUMIDITY,TIME_UNIT_WS,TIME_UNIT_WD,SPCNWS_CN
1,200000000000000.0,0,1,1,990,강원소방본부,강릉소방서,유천119안전센터,,20200101,125600,20200101,125616,128.8408,37.7603,20200101,125644,20200101,010342,20200101,131943,20200101,103343,20200101,022043,000658,003001,4,4,0,강원도,강릉시,성산면,위촌리,638,위촌길274-15,임야,산불,사유림,임야,산아래,쓰레기소각장,불꽃/불티,쓰레기/논밭두렁,부주의,쓰레기소각,종이/목재/건초등,풀/나뭇잎,,,기상(건조/강풍등),67,38,19,2,2,0,2,4,19,맑음,6,34,225,,건조주의보
2,200000000000000.0,0,0,0,0,강원소방본부,춘천소방서,신북119안전센터,,20200103,122200,20200103,122230,127.642,37.9794,20200103,122307,20200103,123748,20200103,142000,20200103,030500,20200103,035500,001441,022712,16,15,0,강원도,춘천시,서면,오월리,,납실길107-64,임야,산불,국유림,임야,산아래,미상,미상,미상,미상,미상,종이/목재/건초등,풀/나뭇잎,,,,77,26,0,8,23,0,0,20,0,맑음,1,51,180,4.0,
3,200000000000000.0,0,1,1,0,강원소방본부,춘천소방서,신북119안전센터,,20200104,015400,20200104,015416,127.7354,37.9666,20200104,015503,20200104,021413,20200104,172530,20200104,052530,20200104,052530,001910,031117,0,0,0,강원도,춘천시,신북읍,발산리,,,임야,산불,사유림,임야,산중턱,미상,미상,미상,미상,미상,미상,미상,종이/목재/건초등,풀/나뭇잎,,0,0,0,0,0,0,0,0,0,맑음,5,41,225,4.0,풍랑주의보
4,200000000000000.0,0,0,0,0,강원소방본부,정선소방서,신동119안전센터,,20200104,024900,20200104,024933,128.5828,37.255,20200104,025033,20200104,031319,20200104,152040,20200104,034040,20200104,054540,002246,002721,40,14,0,강원도,정선군,신동읍,덕천리,139,,임야,산불,사유림,임야,산아래,기타,불꽃/불티,쓰레기/논밭두렁,부주의,불씨/불꽃/화원방치,종이/목재/건초등,풀/나뭇잎,,,,77,20,30,2,10,0,15,0,12,맑음,5,43,225,4.0,풍랑주의보
5,200000000000000.0,0,0,0,0,강원소방본부,양양소방서,양양119안전센터,,20200115,014600,20200115,014628,128.6259,38.0578,20200115,014709,20200115,015128,20200115,140719,20200115,021019,20200115,035419,000419,001851,2,2,0,강원도,양양군,양양읍,월리,530-3,고노동길117,임야,산불,국유림,임야,산아래,기타,불꽃/불티,굴뚝아궁이,기계적요인,기계적요인,종이/목재/건초등,풀/나뭇잎,종이/목재/건초등,풀/나뭇잎,,155,26,21,15,65,0,28,0,25,맑음,5,23,315,8.0,
6,200000000000000.0,0,0,0,0,강원소방본부,강릉소방서,포남119안전센터,,20200122,075700,20200122,075726,128.9216,37.7551,20200122,075915,20200122,080226,20200122,201658,20200122,081758,20200122,093058,000311,001532,7,4,0,강원도,강릉시,학동,,산55,,임야,산불,사유림,임야,산아래,쓰레기소각장,담뱃불/라이터불,담뱃불,부주의,담배꽁초,종이/목재/건초등,종이/목재/건초등,,,,46,27,0,2,2,0,15,0,13,맑음,6,48,225,8.0,
7,200000000000000.0,0,0,0,99,강원소방본부,횡성소방서,둔내119안전센터,,20200123,125200,20200123,125206,128.1536,37.4717,20200123,125332,20200123,125624,20200123,133843,20200123,013942,20200123,032739,000252,004318,22,7,0,강원도,횡성군,우천면,하궁리,154,,임야,산불,사유림,임야,산아래,담뱃불,담뱃불/라이터불,담뱃불,부주의,담배꽁초,종이/목재/건초등,풀/나뭇잎,종이/목재/건초등,풀/나뭇잎,기상(건조/강풍등)/화재인지/신고지연,100,28,28,4,25,0,0,15,10,맑음,9,40,180,4.0,
8,200000000000000.0,0,0,0,0,강원소방본부,화천소방서,화천119안전센터,,20200129,122100,20200129,122126,127.6497,38.1108,20200129,122329,20200129,124412,20200129,155000,20200129,043000,20200129,045932,002043,034548,14,14,0,강원도,화천군,하남면,계성리,410,,임야,산불,공유림,임야,산중턱,군경사격장,폭발물/폭죽,폭탄/탄약,부주의,불씨/불꽃/화원방치,종이/목재/건초등,건초,종이/목재/건초등,나무,기상(건조/강풍등)/현장도착지연(교통혼잡),22,12,0,3,6,1,0,0,10,맑음,8,53,315,4.0,
9,200000000000000.0,0,0,0,0,강원소방본부,홍천소방서,서석119안전센터,,20200131,121800,20200131,121807,128.2007,37.7012,20200131,015414,20200131,022833,20200131,143010,20200131,034110,20200131,035310,003419,011237,36,2,0,강원도,홍천군,서석면,풍암리,28,아미산길210,임야,산불,공유림,임야,산중턱,미상,미상,미상,미상,미상,미상,미상,종이/목재/건초등,풀/나뭇잎,기타,79,14,26,4,25,0,0,10,7,맑음,8,41,225,4.0,
10,200000000000000.0,0,1,1,0,강원소방본부,춘천소방서,강촌119안전센터,,20200208,070500,20200208,070500,127.5658,37.8072,20200208,070726,20200208,073145,20200208,075400,20200208,081000,20200208,101515,002419,003815,33,29,0,강원도,춘천시,남산면,백양리,144-42,서백길303-49,임야,산불,사유림,임야,산아래,쓰레기소각장,불꽃/불티,쓰레기/논밭두렁,부주의,쓰레기소각,종이/목재/건초등,풀/나뭇잎,,,,72,18,0,4,10,0,0,40,8,맑음,-4,72,315,4.0,풍랑주의보
11,200000000000000.0,0,0,0,4194,강원소방본부,원주소방서,신림119안전센터,,20200209,064100,20200209,064132,128.1954,37.2508,20200209,064426,20200209,065844,20200209,222842,20200209,102842,20200209,102842,001418,032958,30,13,0,강원도,원주시,신림면,황둔리,산3,,임야,산불,사유림,임야,산중턱,담뱃불,담뱃불/라이터불,담뱃불,부주의,담배꽁초,종이/목재/건초등,풀/나뭇잎,,,,108,22,35,6,10,0,35,0,12,맑음,-1,43,270,4.0,
12,200000000000000.0,0,2,2,408,강원소방본부,춘천소방서,강촌119안전센터,,20200224,125600,20200224,125618,127.6689,37.6922,20200224,125702,20200224,010306,20200224,171314,20200224,051314,20200224,051314,000604,041008,28,22,0,강원도,춘천시,남산면,산수리,387-3,,임야,산불,사유림,임야,평지,논/밭두렁,담뱃불/라이터불,라이터불/성냥불,부주의,논/임야태우기,종이/목재/건초등,풀/나뭇잎,,,,108,20,26,3,0,0,59,0,10,맑음,10,45,135,4.0,
13,200000000000000.0,0,0,0,0,강원소방본부,홍천소방서,홍천119안전센터,화촌119지역대,20200308,015000,20200308,015000,,,20200308,015152,20200308,022116,20200308,152841,20200308,044358,20200308,044412,002924,022242,25,25,15,강원도,홍천군,화촌면,풍천리,77-25,,임야,산불,국유림,임야,산정상,미상,미상,미상,미상,미상,종이/목재/건초등,풀/나뭇잎,,,,113,14,43,4,16,0,0,36,14,맑음,16,21,225,4.0,
14,200000000000000.0,0,0,0,0,강원소방본부,화천소방서,화천119안전센터,,20200308,021400,20200308,021451,127.6724,38.07,20200308,021539,20200308,022539,20200308,181247,20200308,061247,20200308,061247,001000,034708,9,9,0,강원도,화천군,하남면,원천리,311-1,,임야,산불,사유림,임야,평지,쓰레기소각장,불꽃/불티,굴뚝아궁이,부주의,쓰레기소각,쓰레기류,쓰레기,,,,67,16,36,5,10,0,0,0,9,맑음,18,20,270,4.0,
15,200000000000000.0,0,0,0,0,강원소방본부,홍천소방서,양덕원119안전센터,서면119지역대,20200315,022900,20200315,022906,127.5744,37.6702,20200315,022937,20200315,205455,20200315,155111,20200315,035404,20200315,050359,002518,005909,49,29,13,강원도,홍천군,서면,동막리,276-6,,임야,산불,사유림,임야,산아래,기타,불꽃/불티,모닥불/연탄/숯,부주의,불씨/불꽃/화원방치,쓰레기류,쓰레기,종이/목재/건초등,풀/나뭇잎,기상(건조/강풍등),86,22,10,8,18,0,0,28,18,맑음,9,19,45,,풍랑주의보
16,200000000000000.0,0,0,0,0,강원소방본부,강릉소방서,경포119안전센터,,20200315,025300,20200315,025329,128.8628,37.806,20200315,025437,20200315,030422,20200315,151526,20200315,031556,20200315,041159,000945,001134,6,7,0,강원도,강릉시,죽헌동,,,,임야,산불,사유림,임야,산중턱,담뱃불,담뱃불/라이터불,담뱃불,부주의,담배꽁초,종이/목재/건초등,건초,종이/목재/건초등,건초,기타/기상(건조/강풍등),96,33,4,15,24,0,10,10,15,구름조금,6,48,45,4.0,
17,200000000000000.0,0,0,0,0,강원소방본부,원주소방서,흥업119안전센터,,20200319,070300,20200319,070318,127.8533,37.2365,20200319,071108,20200319,072357,20200319,083901,20200319,083901,20200319,092401,001249,011504,18,10,0,강원도,원주시,흥업면,대안리,191-10,,임야,산불,사유림,임야,산아래,기타,기타,기타,부주의,부주의,종이/목재/건초등,풀/나뭇잎,종이/목재/건초등,풀/나뭇잎,기상(건조/강풍등),58,10,6,8,0,0,34,0,17,맑음,14,44,225,,강풍주의보
18,200000000000000.0,0,0,0,0,강원소방본부,원주소방서,문막119안전센터,,20200319,123800,20200319,123811,127.8069,37.4103,20200319,123942,20200319,125623,20200319,141510,20200319,031613,20200319,033555,001641,021950,28,26,13,강원도,원주시,지정면,판대리,577-41,,임야,산불,사유림,임야,산중턱,기타,작동기기,불꽃/스파크/정전기,전기적요인,전기적요인,종이/목재/건초등,풀/나뭇잎,,,,174,30,27,20,10,0,37,50,24,구름많음,11,46,315,,강풍경보
19,200000000000000.0,0,0,0,660,강원소방본부,횡성소방서,횡성119안전센터,갑천119지역대,20200321,033600,20200321,033611,128.1309,37.5677,20200321,033718,20200321,034416,20200321,154734,20200321,040352,20200321,054711,000658,001936,17,17,4,강원도,횡성군,갑천면,삼거리,,,임야,산불,사유림,임야,산아래,담뱃불,담뱃불/라이터불,담뱃불,부주의,담배꽁초,종이/목재/건초등,풀/나뭇잎,종이/목재/건초등,풀/나뭇잎,기상(건조/강풍등),76,20,0,3,0,0,20,33,12,맑음,18,32,225,8.0,
20,200000000000000.0,0,0,0,0,강원소방본부,화천소방서,화천119안전센터,,20200324,011900,20200324,011936,127.6471,38.0927,20200324,012127,20200324,014013,20200324,160400,20200324,050700,20200324,053416,001846,032647,14,14,0,강원도,화천군,하남면,안평리,,,임야,산불,공유림,임야,산중턱,군경사격장,폭발물/폭죽,폭탄/탄약,화학적요인,자연발화,종이/목재/건초등,건초,종이/목재/건초등,건초,기상(건조/강풍등),85,9,33,3,10,0,30,0,12,맑음,18,16,0,4.0,
21,200000000000000.0,0,0,0,2574,강원소방본부,영월소방서,중동119안전센터,,20200325,040100,20200325,040150,128.7488,37.1142,20200325,040301,20200325,041814,20200325,174025,20200325,060820,20200325,073047,001513,015006,38,13,12,강원도,영월군,상동읍,내덕리,112-1,,임야,산불,국유림,임야,산아래,쓰레기소각장,불꽃/불티,쓰레기/논밭두렁,부주의,논/임야태우기,종이/목재/건초등,풀/나뭇잎,종이/목재/건초등,풀/나뭇잎,가연성물질의급격한연소/기상(건조/강풍등)/원거리소방서,150,20,38,12,0,0,80,0,17,맑음,18,27,270,4.0,
22,200000000000000.0,0,0,0,5522,강원소방본부,양양소방서,하조대119안전센터,,20200326,110300,20200326,110320,,,20200326,110919,20200326,114024,20200326,000110,20200326,120110,20200326,122633,003105,002046,24,24,7,강원도,양양군,현남면,상월천리,146-2,,임야,산불,사유림,임야,산중턱,쓰레기소각장,담뱃불/라이터불,라이터불/성냥불,부주의,쓰레기소각,종이/목재/건초등,풀/나뭇잎,종이/목재/건초등,풀/나뭇잎,기상(건조/강풍등),197,44,25,9,40,0,0,79,18,맑음,16,54,135,4.0,
23,200000000000000.0,0,0,0,4125,강원소방본부,철원소방서,태봉119안전센터,,20200326,122700,20200326,122712,127.3372,38.1898,20200326,122813,20200326,123140,20200326,160230,20200326,064430,20200326,064430,000327,061250,2,2,11,강원도,철원군,갈말읍,문혜리,459,호국로5327,임야,산불,사유림,임야,산아래,미상,미상,미상,미상,미상,미상,미상,,,,383,35,0,8,90,250,0,0,41,맑음,19,33,135,4.0,건조주의보
24,200000000000000.0,0,0,0,0,강원소방본부,철원소방서,동송119안전센터,,20200331,125500,20200331,125525,127.2296,38.2227,20200331,125659,20200331,010233,20200331,140000,20200331,024000,20200331,034400,000534,013727,15,6,0,강원도,철원군,동송읍,오덕리,23,,임야,산불,사유림,임야,산아래,미상,미상,미상,미상,미상,종이/목재/건초등,풀/나뭇잎,종이/목재/건초등,풀/나뭇잎,기상(건조/강풍등),185,46,50,9,80,0,0,0,33,맑음,17,17,135,4.0,
25,200000000000000.0,0,0,0,0,강원소방본부,평창소방서,평창119안전센터,미탄119지역대,20200401,114400,20200401,114446,128.5228,37.3545,20200401,114529,20200401,115203,20200401,001715,20200401,123833,20200401,010246,000634,004630,16,16,3,강원도,평창군,미탄면,평안리,16,,임야,산불,국유림,임야,산아래,성묘객,담뱃불/라이터불,담뱃불,부주의,담배꽁초,종이/목재/건초등,잔디,,,,84,15,19,0,20,0,30,0,10,맑음,15,24,0,4.0,
26,200000000000000.0,0,0,0,0,강원소방본부,홍천소방서,홍천119안전센터,,20200403,024400,20200403,024448,128.0563,37.9145,20200403,024618,20200403,025413,20200403,154500,20200403,034500,20200403,051527,000755,005047,32,32,8,강원도,홍천군,두촌면,장남리,76,,임야,산불,사유림,임야,산아래,미상,미상,미상,미상,미상,미상,미상,,,,110,11,24,10,40,0,0,25,16,맑음,18,43,225,4.0,
27,200000000000000.0,0,0,0,9634,강원소방본부,삼척소방서,근덕119안전센터,,20200404,032600,20200404,032656,129.2611,37.3467,20200404,032744,20200404,034022,20200404,061046,20200404,090000,20200404,020528,001238,051938,17,9,0,강원도,삼척시,근덕면,동막리,,,임야,산불,사유림,임야,산아래,미상,작동기기,전기적아크,전기적요인,전기적요인,전기/전자,전선피복,종이/목재/건초등,나무,기상(건조/강풍등)/화재인지/신고지연,313,103,35,20,35,50,14,56,51,맑음,13,35,270,,강풍주의보
28,200000000000000.0,0,0,0,0,강원소방본부,횡성소방서,우천119안전센터,,20200404,055000,20200404,055022,128.0787,37.4867,20200404,055122,20200404,060302,20200404,072738,20200404,072738,20200404,072738,001140,012436,12,6,0,강원도,횡성군,우천면,산전리,239-1,,임야,산불,사유림,임야,산아래,논/밭두렁,불꽃/불티,쓰레기/논밭두렁,부주의,불씨/불꽃/화원방치,종이/목재/건초등,풀/나뭇잎,,,,46,18,0,3,0,0,5,20,12,맑음,2,81,45,4.0,풍랑주의보
29,200000000000000.0,0,0,0,0,강원소방본부,춘천소방서,신북119안전센터,,20200404,044900,20200404,044924,127.6808,37.9785,20200404,044946,20200404,050829,20200404,182653,20200404,095101,20200405,061000,001843,044232,20,18,0,강원도,춘천시,사북면,송암리,50,가일길40-14,임야,산불,사유림,임야,산아래,미상,담뱃불/라이터불,담뱃불,부주의,담배꽁초,종이/목재/건초등,건초,,,,133,18,5,4,20,0,56,30,20,맑음,15,14,315,4.0,
30,200000000000000.0,0,0,0,4400,강원소방본부,영월소방서,주천119안전센터,,20200408,123900,20200408,123914,128.231,37.2899,20200408,123956,20200408,125444,20200408,135650,20200408,044050,20200408,045138,001448,034606,31,5,0,강원도,영월군,주천면,도천리,116,비산길72-14,임야,산불,사유림,임야,산아래,논/밭두렁,불꽃/불티,용접/절단/연마,부주의,용접/절단/연마,기타,기타,,,,146,35,10,22,20,0,59,0,35,맑음,14,11,270,8.0,
31,200000000000000.0,0,0,0,0,강원소방본부,원주소방서,태장119안전센터,소초119지역대,20200408,013400,20200408,013440,128.0016,37.3618,20200408,013506,20200408,014538,20200408,144025,20200408,031152,20200408,035554,001032,012614,8,9,9,강원도,원주시,소초면,흥양리,120,살대울모래기길273,임야,산불,사유림,임야,산아래,기타,불꽃/불티,모닥불/연탄/숯,부주의,불씨/불꽃/화원방치,종이/목재/건초등,풀/나뭇잎,종이/목재/건초등,나무,가연성물질의급격한연소/기상(건조/강풍등),96,36,10,7,10,0,0,33,19,맑음,10,23,315,4.0,건조경보
32,200000000000000.0,0,0,0,56,강원소방본부,영월소방서,영월119안전센터,,20200409,024100,20200409,024135,128.5093,37.2222,20200409,024312,20200409,025727,20200409,151458,20200409,032238,20200409,041035,001415,002511,12,12,0,강원도,영월군,영월읍,삼옥리,53,,임야,산불,사유림,임야,산중턱,기타,작동기기,불꽃/스파크/정전기,전기적요인,누전/지락,종이/목재/건초등,풀/나뭇잎,종이/목재/건초등,풀/나뭇잎,가연성물질의급격한연소/기상(건조/강풍등),72,20,9,6,0,0,37,0,12,맑음,15,20,270,,
33,200000000000000.0,0,0,0,0,강원소방본부,영월소방서,영월119안전센터,,20200410,044000,20200410,044055,128.5052,37.2259,20200410,044300,20200410,045805,20200410,052406,20200410,054413,20200410,063219,001505,004608,12,12,0,강원도,영월군,영월읍,삼옥리,53,,임야,산불,사유림,임야,산중턱,기타,불꽃/불티,불꽃/불티,기타,기타,종이/목재/건초등,풀/나뭇잎,종이/목재/건초등,풀/나뭇잎,가연성물질의급격한연소/화재인지/신고지연,52,18,0,4,0,0,30,0,9,맑음,4,75,270,4.0,
34,200000000000000.0,0,0,0,710,강원소방본부,원주소방서,신림119안전센터,,20200410,114700,20200410,114754,128.062,37.2066,20200410,114859,20200410,115911,20200410,133235,20200410,020838,20200410,025715,001012,020927,23,6,0,강원도,원주시,신림면,구학리,351-2,방학동길110,임야,산불,사유림,임야,산아래,쓰레기소각장,불꽃/불티,쓰레기/논밭두렁,부주의,쓰레기소각,종이/목재/건초등,목재/합판,,,,124,37,25,7,20,0,35,0,23,맑음,11,38,90,4.0,
35,200000000000000.0,0,0,0,0,강원소방본부,평창소방서,진부119안전센터,,20200410,115600,20200410,115638,128.5446,37.6822,20200410,115708,20200410,120931,20200410,130057,20200410,013653,20200410,020731,001223,012722,46,7,0,강원도,평창군,진부면,두일리,82,두일길415-4,임야,산불,사유림,임야,산아래,기타,담뱃불/라이터불,라이터불/성냥불,부주의,쓰레기소각,종이/목재/건초등,풀/나뭇잎,종이/목재/건초등,풀/나뭇잎,,128,27,17,6,16,0,38,24,23,맑음,7,30,45,4.0,
36,200000000000000.0,0,0,0,0,강원소방본부,횡성소방서,우천119안전센터,,20200411,023400,20200411,023428,128.1033,37.4578,20200411,023539,20200411,024201,20200411,150735,20200411,032801,20200411,040500,000622,004600,15,3,0,강원도,횡성군,우천면,상대리,78,,임야,산불,사유림,임야,산정상,담뱃불,담뱃불/라이터불,담뱃불,부주의,담배꽁초,종이/목재/건초등,풀/나뭇잎,,,가연성물질의급격한연소,51,17,0,6,8,0,20,0,8,맑음,15,32,270,4.0,
37,200000000000000.0,0,0,0,0,강원소방본부,화천소방서,사내119안전센터,,20200413,071500,20200413,071505,127.4844,38.0575,20200413,071530,20200413,072220,20200413,200300,20200413,082800,20200413,113359,000650,010540,33,5,0,강원도,화천군,사내면,광덕리,,포화로871-6,임야,산불,사유림,임야,산아래,쓰레기소각장,불꽃/불티,쓰레기/논밭두렁,부주의,쓰레기소각,종이/목재/건초등,풀/나뭇잎,,,,329,18,36,8,7,260,0,0,7,맑음,7,32,135,4.0,
38,200000000000000.0,0,0,0,0,강원소방본부,철원소방서,김화119안전센터,,20200414,040000,20200414,040047,127.3961,38.1481,20200414,040509,20200414,042557,20200414,085000,20200415,120000,20200415,045356,002048,193403,14,15,5,강원도,철원군,서면,자등리,221,,임야,산불,국유림,임야,산아래,미상,미상,미상,미상,미상,종이/목재/건초등,풀/나뭇잎,,,,395,22,88,4,10,0,271,0,27,맑음,21,0,180,4.0,
39,200000000000000.0,0,0,0,0,강원소방본부,원주소방서,문막119안전센터,부론119지역대,20200415,084800,20200415,084826,127.7594,37.2292,20200415,084929,20200415,085523,20200415,091237,20200415,095011,20200415,102638,000554,005448,35,12,3,강원도,원주시,부론면,흥호리,392-1,,임야,산불,사유림,임야,산중턱,기타,불꽃/불티,용접/절단/연마,부주의,용접/절단/연마,종이/목재/건초등,풀/나뭇잎,종이/목재/건초등,풀/나뭇잎,원거리소방서,88,20,25,2,16,0,0,25,12,맑음,7,55,45,4.0,
40,200000000000000.0,0,0,0,0,강원소방본부,평창소방서,대화119안전센터,,20200415,025000,20200415,025015,128.3883,37.4841,20200415,025117,20200415,031125,20200415,161156,20200415,043056,20200415,085056,002008,011931,19,15,0,강원도,평창군,대화면,개수리,541,,임야,산불,사유림,임야,산아래,미상,미상,미상,미상,미상,종이/목재/건초등,풀/나뭇잎,,,,206,26,0,20,50,0,80,30,17,맑음,18,39,90,4.0,
41,200000000000000.0,0,0,0,20240,강원소방본부,철원소방서,태봉119안전센터,,20200416,013800,20200416,013800,,,20200416,013900,20200416,020358,20200416,041732,20200416,033032,20200417,033032,002458,012634,18,18,0,강원도,철원군,갈말읍,정연리,60,,임야,산불,국유림,임야,미상,미상,미상,미상,미상,미상,미상,미상,,,,192,76,0,0,16,100,0,0,36,맑음,12,64,225,4.0,
42,200000000000000.0,0,0,0,213,강원소방본부,강릉소방서,내곡119안전센터,,20200422,014800,20200422,014833,128.7847,37.7607,20200422,014906,20200422,020640,20200422,142141,20200422,025208,20200422,043615,001734,004528,16,15,0,강원도,강릉시,성산면,보광리,324,,임야,산불,사유림,임야,산아래,기타,화학적발화열,화학반응열,화학적요인,자연발화,종이/목재/건초등,목재/합판,종이/목재/건초등,목재/합판,화재인지/신고지연,196,48,36,4,0,0,108,0,14,맑음,7,37,225,12.0,
43,200000000000000.0,0,0,0,0,강원소방본부,인제소방서,인제119안전센터,,20200422,022100,20200422,022156,128.1292,38.1431,20200422,022237,20200422,023538,20200422,163950,20200422,043950,20200422,043950,001301,020412,18,14,0,강원도,인제군,인제읍,가아리,445-1,,임야,산불,국유림,임야,산아래,기타,불꽃/불티,굴뚝아궁이,부주의,불씨/불꽃/화원방치,종이/목재/건초등,풀/나뭇잎,종이/목재/건초등,풀/나뭇잎,,137,20,0,12,14,0,6,85,15,흐림,6,37,225,8.0,
44,200000000000000.0,0,0,0,7700,강원소방본부,철원소방서,태봉119안전센터,,20200424,112500,20200424,112545,,,20200424,112753,20200424,120852,20200424,142635,20200424,034035,20200424,040435,004059,033143,5,5,0,강원도,철원군,갈말읍,문혜리,118,,임야,산불,사유림,임야,산중턱,미상,미상,미상,미상,미상,미상,미상,,,,112,16,16,1,24,0,0,55,14,맑음,13,41,135,4.0,건조주의보
45,200000000000000.0,0,0,0,0,강원소방본부,춘천소방서,강촌119안전센터,,20200424,010700,20200424,010712,,,20200424,010852,20200424,014901,20200424,173832,20200424,053832,20200424,053832,004009,034931,39,21,0,강원도,춘천시,남면,관천리,1,,임야,산불,사유림,임야,산아래,기타,미상,미상,미상,미상,종이/목재/건초등,풀/나뭇잎,,,,0,0,0,0,0,0,0,0,0,맑음,15,26,315,4.0,
46,200000000000000.0,0,0,0,0,강원소방본부,춘천소방서,후평119안전센터,,20200426,012600,20200426,012607,128.6711,37.3819,20200426,012702,20200426,013847,20200426,155901,20200426,305901,20200426,035901,001145,022014,7,7,0,강원도,춘천시,동면,감정리,118-1,,임야,산불,사유림,임야,산정상,미상,미상,미상,미상,미상,종이/목재/건초등,풀/나뭇잎,,,,69,12,0,7,20,0,30,0,13,맑음,18,24,315,4.0,
47,200000000000000.0,0,0,0,0,강원소방본부,횡성소방서,공근119안전센터,,20200427,112800,20200427,112818,127.9641,37.5407,20200427,112910,20200427,113827,20200427,003005,20200427,124008,20200427,015009,000917,010141,9,5,0,강원도,횡성군,공근면,학담리,산7,,임야,산불,사유림,임야,산정상,입산자실화,미상,미상,부주의,부주의,종이/목재/건초등,풀/나뭇잎,종이/목재/건초등,풀/나뭇잎,기타/화재인지/신고지연,64,17,12,5,10,0,0,20,11,비,14,49,180,4.0,
48,200000000000000.0,0,0,0,0,강원소방본부,원주소방서,문막119안전센터,부론119지역대,20200429,045600,20200429,045600,127.8129,37.1635,20200429,045600,20200429,051446,20200429,172152,20200429,530954,20200429,055623,001846,002508,33,27,13,강원도,원주시,부론면,단강리,244-1,,임야,산불,사유림,임야,산아래,담뱃불,담뱃불/라이터불,담뱃불,부주의,쓰레기소각,쓰레기류,쓰레기,,,,32,20,0,2,0,0,10,0,7,맑음,21,29,225,,
49,200000000000000.0,0,0,0,0,강원소방본부,홍천소방서,서석119안전센터,,20200430,022700,20200430,022738,,,20200430,022854,20200430,024557,20200430,170000,20200430,500000,20200430,060653,001703,021403,25,9,0,강원도,홍천군,서석면,어론리,132-1,,임야,산불,국유림,임야,산정상,미상,미상,미상,미상,미상,미상,미상,,,,133,16,35,3,48,0,0,31,15,맑음,23,33,225,4.0,건조주의보
50,200000000000000.0,0,0,0,247,강원소방본부,원주소방서,문막119안전센터,지정119지역대,20200430,060500,20200430,060552,127.8196,37.4347,20200430,061430,20200430,064019,20200430,191918,20200430,703010,20200430,082010,002549,004951,32,17,14,강원도,원주시,지정면,판대리,,구재로470,임야,산불,사유림,임야,산정상,담뱃불,담뱃불/라이터불,담뱃불,부주의,담배꽁초,종이/목재/건초등,풀/나뭇잎,,,,57,12,0,6,9,0,0,30,15,맑음,24,43,270,8.0,
51,201000000000000.0,0,0,0,0,강원소방본부,춘천소방서,후평119안전센터,,20200501,024700,20200501,024735,,,20200501,024913,20200501,031908,20200501,154000,20200501,045843,20200501,045843,002955,013935,18,18,0,강원도,춘천시,동면,상걸리,53,,임야,산불,국유림,임야,산중턱,입산자실화,불꽃/불티,불꽃/불티,부주의,부주의,종이/목재/건초등,풀/나뭇잎,,,,77,14,0,4,20,0,0,39,6,맑음,27,45,225,4.0,
52,201000000000000.0,0,0,0,0,강원소방본부,홍천소방서,홍천119안전센터,동면119지역대,20200501,032100,20200501,032156,128.0345,37.6654,20200501,032233,20200501,033537,20200501,161000,20200502,084000,20200502,084100,001304,050423,14,14,11,강원도,홍천군,동면,노천리,151,,임야,산불,사유림,임야,산정상,담뱃불,담뱃불/라이터불,담뱃불,부주의,담배꽁초,종이/목재/건초등,풀/나뭇잎,,,,112,13,42,5,20,0,0,32,13,맑음,28,37,225,4.0,
53,201000000000000.0,0,0,0,0,강원소방본부,철원소방서,김화119안전센터,,20200503,125100,20200503,125138,127.4311,38.1675,20200503,125243,20200503,011026,20200503,153006,20200503,504006,20200503,064055,001743,042940,18,17,0,강원도,철원군,근북면,유곡리,,,임야,산불,국유림,임야,산중턱,미상,미상,미상,미상,미상,종이/목재/건초등,풀/나뭇잎,종이/목재/건초등,풀/나뭇잎,기상(건조/강풍등),134,13,0,0,21,100,0,0,37,맑음,26,53,270,4.0,
54,201000000000000.0,0,0,0,0,강원소방본부,철원소방서,동송119안전센터,,20200506,112600,20200506,112643,127.1609,38.2389,20200506,112816,20200506,113919,20200506,005341,20200506,012041,20200506,020241,001103,014122,18,10,0,강원도,철원군,철원읍,율이리,199-1,,임야,산불,국유림,임야,산아래,기타,불꽃/불티,용접/절단/연마,부주의,용접/절단/연마,종이/목재/건초등,풀/나뭇잎,종이/목재/건초등,풀/나뭇잎,기상(건조/강풍등),71,23,15,4,27,2,0,0,21,맑음,21,42,135,4.0,
55,201000000000000.0,0,0,0,0,강원소방본부,홍천소방서,홍천119안전센터,,20200508,025000,20200508,025035,127.8297,37.6592,20200508,025105,20200508,030042,20200508,151059,20200508,303059,20200508,064159,000937,003017,9,9,0,강원도,홍천군,홍천읍,상오안리,,,임야,산불,국유림,임야,산아래,담뱃불,담뱃불/라이터불,담뱃불,부주의,담배꽁초,종이/목재/건초등,풀/나뭇잎,,,,22,10,0,2,0,0,10,0,6,맑음,27,11,270,,
56,201000000000000.0,0,0,0,0,강원소방본부,춘천소방서,신북119안전센터,,20200531,073400,20200531,073403,127.7439,37.9574,20200531,075420,20200531,080431,20200531,212021,20200531,092021,20200531,092021,001011,011550,11,6,0,강원도,춘천시,신북읍,산천리,12-62,순환대로2365,임야,산불,사유림,임야,산중턱,쓰레기소각장,불꽃/불티,쓰레기/논밭두렁,부주의,쓰레기소각,쓰레기류,쓰레기,,,,20,18,0,2,0,0,0,0,6,맑음,25,54,225,4.0,
57,201000000000000.0,0,0,0,0,강원소방본부,춘천소방서,후평119안전센터,,20200608,031500,20200608,031524,127.7114,37.845,20200608,031550,20200608,035613,20200608,181517,20200608,061517,20200608,071117,004023,021904,59,59,15,강원도,춘천시,동면,품걸리,,,임야,산불,국유림,임야,산정상,미상,미상,미상,미상,미상,종이/목재/건초등,풀/나뭇잎,,,,49,15,0,0,0,0,34,0,10,맑음,32,45,270,4.0,
58,201000000000000.0,0,0,0,0,강원소방본부,춘천소방서,후평119안전센터,,20200613,030700,20200613,030719,127.7844,37.9374,20200613,031444,20200613,033102,20200613,170000,20200613,060259,20200613,064210,001618,023157,8,8,0,강원도,춘천시,동면,월곡리,,,임야,산불,국유림,임야,산중턱,입산자실화,미상,미상,미상,미상,미상,미상,,,,87,14,15,9,29,0,20,0,19,맑음,34,25,270,4.0,
59,201000000000000.0,0,0,0,0,강원소방본부,홍천소방서,홍천119안전센터,,20200623,100100,20200623,100131,127.8772,37.6817,20200623,100505,20200623,101216,20200623,112052,20200623,112052,20200623,030852,000711,010836,10,10,5,강원도,홍천군,동면,속초리,산271,,임야,산불,국유림,임야,산정상,미상,미상,미상,미상,미상,미상,미상,,,,133,16,35,3,48,0,0,31,15,맑음,28,59,270,4.0,
60,201000000000000.0,0,0,0,200,강원소방본부,동해소방서,북삼119안전센터,삼화119지역대,20200623,064100,20200623,064102,129.0202,37.4632,20200623,064110,20200623,073200,20200623,201100,20200623,904500,20200623,095000,005050,021300,12,9,4,강원도,동해시,삼화동,,858-8,,임야,산불,국유림,임야,산정상,미상,미상,미상,미상,미상,기타,기타,종이/목재/건초등,풀/나뭇잎,,46,5,0,0,0,0,41,0,37,맑음,20,83,45,4.0,
61,201000000000000.0,0,0,0,0,강원소방본부,횡성소방서,공근119안전센터,,20200703,041700,20200703,041755,127.9544,37.5089,20200703,041913,20200703,042528,20200703,162909,20200703,403540,20200703,045557,000615,001012,5,3,0,강원도,횡성군,횡성읍,학곡리,,,임야,산불,사유림,임야,산중턱,기타,불꽃/불티,용접/절단/연마,부주의,용접/절단/연마,종이/목재/건초등,종이/목재/건초등,종이/목재/건초등,종이/목재/건초등,,29,27,0,2,0,0,0,0,9,맑음,27,36,135,4.0,
62,201000000000000.0,0,0,0,0,강원소방본부,춘천소방서,신북119안전센터,,20201006,014800,20201006,014803,127.7583,38.0161,20201006,030827,20201006,033559,20201006,165400,20201006,405600,20201006,050353,002732,012001,30,21,0,강원도,춘천시,사북면,고성리,102-1,용화산로76-117,임야,산불,국유림,임야,산정상,담뱃불,담뱃불/라이터불,담뱃불,부주의,담배꽁초,종이/목재/건초등,풀/나뭇잎,,,,61,19,0,4,20,0,0,18,18,맑음,18,41,225,4.0,
63,201000000000000.0,0,0,0,0,강원소방본부,홍천소방서,서석119안전센터,,20201009,045000,20201009,045042,128.1833,37.7119,20201009,045205,20201009,045654,20201009,213820,20201009,120000,20201010,120000,000449,070306,33,3,0,강원도,홍천군,서석면,풍암리,,,임야,산불,국유림,임야,산중턱,입산자실화,미상,미상,미상,미상,종이/목재/건초등,풀/나뭇잎,,,,51,12,0,3,0,0,36,0,7,맑음,18,56,45,4.0,풍랑주의보
64,201000000000000.0,0,0,0,0,강원소방본부,홍천소방서,홍천119안전센터,,20201011,071100,20201011,071134,128.0008,37.7539,20201011,071245,20201011,072409,20201011,003647,20201011,123647,20201011,123647,001124,051238,16,16,7,강원도,홍천군,화촌면,군업리,산359,,임야,산불,국유림,임야,산중턱,미상,미상,미상,미상,미상,미상,미상,,,,45,7,0,6,0,0,0,32,11,맑음,8,94,180,4.0,
65,201000000000000.0,0,0,0,0,강원소방본부,홍천소방서,홍천119안전센터,,20201013,023800,20201013,023829,128.0027,37.7573,20201013,024124,20201013,025516,20201013,164019,20201013,405940,20201013,045940,001352,020424,17,17,8,강원도,홍천군,화촌면,군업리,10,군업안말길54번길32-21,임야,산불,국유림,임야,산중턱,미상,미상,미상,미상,미상,종이/목재/건초등,풀/나뭇잎,,,,86,5,23,0,8,0,49,1,12,맑음,18,51,225,4.0,
66,201000000000000.0,0,0,0,0,강원소방본부,홍천소방서,홍천119안전센터,,20201018,013600,20201018,013657,128.0033,37.7568,20201018,013657,20201018,015525,20201018,152621,20201018,050921,20201018,050921,001828,031356,16,16,0,강원도,홍천군,화촌면,군업리,10,,임야,산불,국유림,임야,산정상,미상,미상,미상,미상,미상,미상,미상,,,,38,7,10,4,0,0,6,11,7,맑음,18,42,270,4.0,
67,201000000000000.0,0,0,0,0,강원소방본부,고성소방서,거진119안전센터,현내119지역대,20201025,115800,20201025,115800,,,20201025,120000,20201025,121800,20201025,155500,20201025,035500,20201025,045300,001800,033700,27,21,11,강원도,고성군,현내면,명호리,,통일전망대로455,임야,산불,국유림,임야,산정상,미상,미상,미상,미상,미상,종이/목재/건초등,풀/나뭇잎,,,,156,20,0,6,25,86,0,19,24,맑음,20,20,270,4.0,
68,201000000000000.0,0,0,0,0,강원소방본부,정선소방서,신동119안전센터,,20201029,015500,20201029,020008,128.6133,37.1982,20201029,020308,20201029,021821,20201029,160213,20201029,042743,20201029,045755,001513,020922,36,6,0,강원도,정선군,신동읍,천포리,41,곡길77,임야,산불,국유림,임야,산아래,논/밭두렁,불꽃/불티,쓰레기/논밭두렁,부주의,논/임야태우기,기타,기타,,,,97,29,35,4,0,0,29,0,17,맑음,17,19,225,4.0,
69,201000000000000.0,0,0,0,0,강원소방본부,홍천소방서,양덕원119안전센터,,20201103,020800,20201103,020820,127.7328,37.5997,20201103,021113,20201103,022455,20201103,164500,20201103,050000,20201103,050339,001342,023505,29,8,0,강원도,홍천군,남면,화전리,278-1,,임야,산불,국유림,임야,산중턱,군경사격장,폭발물/폭죽,폭탄/탄약,기타,기타,종이/목재/건초등,풀/나뭇잎,종이/목재/건초등,풀/나뭇잎,기상(건조/강풍등),72,14,0,8,10,30,10,0,20,맑음,7,22,225,12.0,
70,201000000000000.0,0,0,0,0,강원소방본부,철원소방서,동송119안전센터,,20201104,124500,20201104,124509,127.2105,38.2095,20201104,124717,20201104,125254,20201104,131345,20201104,014752,20201104,024057,000537,005458,13,2,0,강원도,철원군,동송읍,이평리,116,,임야,산불,국유림,임야,산중턱,담뱃불,담뱃불/라이터불,담뱃불,부주의,담배꽁초,종이/목재/건초등,풀/나뭇잎,,,,105,15,0,2,35,0,53,0,9,맑음,6,23,270,4.0,
71,201000000000000.0,0,0,0,605,강원소방본부,동해소방서,북삼119안전센터,삼화119지역대,20201108,022700,20201108,022715,129.0214,37.5161,20201108,022743,20201108,024738,20201108,031225,20201108,044045,20201108,055130,001955,015307,14,10,6,강원도,동해시,신흥동,,251-1,,임야,산불,사유림,임야,산아래,미상,담뱃불/라이터불,담뱃불,부주의,담배꽁초,종이/목재/건초등,풀/나뭇잎,종이/목재/건초등,나무,기상(건조/강풍등)/원거리소방서/화재인지/신고지연,123,57,2,9,15,0,40,0,59,맑음,9,41,225,4.0,건조주의보
72,201000000000000.0,0,0,0,0,강원소방본부,홍천소방서,홍천119안전센터,,20201116,123800,20201116,123806,127.8884,37.6436,20201116,123908,20201116,124656,20201116,134341,20201116,115041,20201116,115041,000748,110345,8,8,0,강원도,홍천군,홍천읍,장전평리,산99-3,,임야,산불,사유림,임야,산정상,입산자실화,담뱃불/라이터불,촛불,부주의,부주의,기타,기타,기타,기타,,0,0,0,0,0,0,0,0,0,맑음,13,59,225,4.0,
73,201000000000000.0,0,0,0,145,강원소방본부,횡성소방서,우천119안전센터,,20201201,095900,20201201,095929,128.1085,37.468,20201201,100032,20201201,101725,20201201,224549,20201201,114707,20201202,120637,001653,012942,17,8,0,강원도,횡성군,우천면,상대리,55,,임야,산불,사유림,임야,산아래,건물,작동기기,기기전도/복사열/기기발열,기계적요인,기계적요인,종이/목재/건초등,풀/나뭇잎,종이/목재/건초등,풀/나뭇잎,가연성물질의급격한연소/기상(건조/강풍등),104,27,35,2,0,0,40,0,10,맑음,-1,50,225,4.0,
74,201000000000000.0,0,0,0,0,강원소방본부,화천소방서,화천119안전센터,,20201203,095800,20201203,095826,127.685,38.231,20201203,095926,20201203,102137,20201203,152547,20201206,032547,20201206,032547,002211,170410,32,32,18,강원도,철원군,원남면,노동리,12,,임야,산불,국유림,임야,산정상,미상,미상,미상,미상,미상,미상,미상,미상,미상,,102,7,0,0,0,95,0,0,3,맑음,-5,63,180,4.0,
75,201000000000000.0,0,0,0,0,강원소방본부,홍천소방서,홍천119안전센터,동면119지역대,20201208,083700,20201208,083749,127.9656,37.6755,20201208,084042,20201208,084345,20201208,211500,20201208,104305,20201208,104305,000303,015920,6,6,3,강원도,홍천군,동면,속초리,193,,임야,산불,사유림,임야,산아래,기타,불꽃/불티,불꽃/불티,부주의,불씨/불꽃/화원방치,종이/목재/건초등,풀/나뭇잎,종이/목재/건초등,풀/나뭇잎,기상(건조/강풍등),84,20,33,7,24,0,0,0,12,맑음,-3,50,180,4.0,
76,201000000000000.0,0,0,0,0,강원소방본부,원주소방서,신림119안전센터,,20201212,114300,20201212,114329,128.0537,37.2209,20201212,114405,20201212,120631,20201212,005019,20201212,010933,20201212,023438,002226,010302,24,11,0,강원도,원주시,신림면,구학리,126-9,,임야,산불,사유림,임야,산중턱,기타,담뱃불/라이터불,담뱃불,부주의,담배꽁초,종이/목재/건초등,풀/나뭇잎,,,,53,25,8,2,6,0,12,0,13,맑음,3,42,315,4.0,
77,201000000000000.0,0,0,0,0,강원소방본부,원주소방서,신림119안전센터,,20201212,031600,20201212,031603,128.1385,37.2598,20201212,031711,20201212,032146,20201212,172528,20201212,070700,20201212,070700,000435,034514,27,11,0,강원도,원주시,신림면,황둔리,35,,임야,산불,국유림,임야,산중턱,담뱃불,담뱃불/라이터불,담뱃불,부주의,담배꽁초,종이/목재/건초등,건초,종이/목재/건초등,풀/나뭇잎,현장도착지연(교통혼잡),61,31,0,6,6,0,0,18,11,맑음,5,30,315,,
78,201000000000000.0,0,0,0,0,강원소방본부,영월소방서,영월119안전센터,,20201225,022200,20201225,042215,128.4598,37.1813,20201225,042255,20201225,042806,20201225,175434,20201225,101534,20201225,111534,000511,054728,3,3,0,강원도,영월군,영월읍,영흥리,131-1,,임야,산불,국유림,임야,산중턱,담뱃불,담뱃불/라이터불,담뱃불,부주의,담배꽁초,종이/목재/건초등,풀/나뭇잎,종이/목재/건초등,풀/나뭇잎,기상(건조/강풍등)/화재인지/신고지연,118,11,35,8,0,0,32,32,13,맑음,-5,47,225,4.0,
79,210000000000000.0,0,0,0,330,강원소방본부,강릉소방서,주문진119안전센터,,20210105,120900,20210105,120939,128.7542,37.8488,20210105,121151,20210105,122240,20210105,003757,20210105,125555,20210105,012616,001049,003315,23,10,0,강원도,강릉시,연곡면,퇴곡리,,황어대길100,임야,산불,사유림,임야,산아래,기타,불꽃/불티,모닥불/연탄/숯,부주의,불씨/불꽃/화원방치,종이/목재/건초등,풀/나뭇잎,종이/목재/건초등,종이/목재/건초등,가연성물질의급격한연소/원거리소방서,83,46,20,4,10,0,3,0,26,맑음,1,16,315,4.0,풍랑주의보
80,210000000000000.0,0,0,0,0,강원소방본부,홍천소방서,홍천119안전센터,동면119지역대,20210112,114400,20210112,114416,127.9044,37.7031,20210112,114720,20210112,122313,20210112,130000,20210112,031053,20210112,031053,003553,024740,28,28,24,강원도,홍천군,동면,좌운리,산244-28,,임야,산불,공유림,임야,산정상,입산자실화,미상,미상,미상,미상,미상,미상,,,,48,4,9,5,0,0,5,25,3,맑음,-8,59,270,4.0,
81,210000000000000.0,0,0,0,0,강원소방본부,인제소방서,인제119안전센터,,20210115,033900,20210115,033938,128.2243,38.0821,20210115,034538,20210115,035709,20210115,084000,20210116,113000,20210116,113700,001131,193251,11,11,0,강원도,인제군,인제읍,덕적리,산1,,임야,산불,국유림,임야,산정상,기타,자연적발화열,낙뢰,자연적인요인,자연적인요인,종이/목재/건초등,풀/나뭇잎,,,,54,16,0,9,0,0,29,0,10,비,-2,69,315,12.0,
82,210000000000000.0,0,0,0,0,강원소방본부,동해소방서,천곡119안전센터,,20210117,033600,20210117,033649,129.0826,37.5364,20210117,033807,20210117,034824,20210117,164748,20210117,060059,20210117,062417,001017,021235,8,8,0,강원도,동해시,부곡동,,159,,임야,산불,사유림,임야,산중턱,담뱃불,담뱃불/라이터불,담뱃불,부주의,담배꽁초,종이/목재/건초등,풀/나뭇잎,,,,275,80,38,14,98,0,0,45,24,맑음,1,17,315,4.0,
83,210000000000000.0,0,0,0,0,강원소방본부,횡성소방서,공근119안전센터,,20210120,024600,20210120,024657,127.9708,37.5758,20210120,024852,20210120,030809,20210120,155249,20210120,050837,20210120,052936,001917,020028,14,10,0,강원도,횡성군,공근면,공근리,79,,임야,산불,사유림,임야,산중턱,입산자실화,미상,미상,미상,미상,종이/목재/건초등,풀/나뭇잎,,,,92,16,22,2,0,0,52,0,9,맑음,6,31,225,4.0,
84,210000000000000.0,0,0,0,0,강원소방본부,홍천소방서,홍천119안전센터,,20210124,054700,20210124,054756,127.826,37.6715,20210124,054857,20210124,055912,20210124,212607,20210124,092607,20210124,092607,001015,032655,10,10,0,강원도,홍천군,홍천읍,하오안리,산137,,임야,산불,사유림,임야,산아래,기타,기타,기타,전기적요인,절연열화에의한단락,기타,기타,,,,17,10,0,7,0,0,0,0,3,맑음,7,62,180,4.0,
85,210000000000000.0,0,0,0,0,강원소방본부,정선소방서,조양119안전센터,북평119지역대,20210205,021900,20210205,021927,128.6821,37.4604,20210205,022035,20210205,022909,20210205,162408,20210205,071113,20210205,073238,000834,044204,15,15,4,강원도,정선군,북평면,장열리,74,,임야,산불,국유림,임야,산아래,기타,불꽃/불티,용접/절단/연마,부주의,용접/절단/연마,종이/목재/건초등,풀/나뭇잎,,,,140,30,21,8,16,0,65,0,30,맑음,5,47,225,8.0,강풍주의보
86,210000000000000.0,0,0,0,0,강원소방본부,삼척소방서,도계119안전센터,신기119지역대,20210209,011600,20210209,011622,129.0564,37.3614,20210209,011657,20210209,013335,20210209,161800,20210209,060000,20210209,090637,001638,042625,20,12,0,강원도,삼척시,신기면,서하리,131,,임야,산불,사유림,임야,평지,기타,불꽃/불티,모닥불/연탄/숯,부주의,불씨/불꽃/화원방치,종이/목재/건초등,풀/나뭇잎,종이/목재/건초등,나무,가연성물질의급격한연소/기상(건조/강풍등)/화재인지/신고지연,369,61,47,24,103,0,103,31,43,맑음,6,27,315,4.0,건조주의보
87,210000000000000.0,0,0,0,264,강원소방본부,홍천소방서,홍천119안전센터,동면119지역대,20210210,021200,20210210,021257,128.0227,37.6436,20210210,021344,20210210,023140,20210210,145025,20210210,035015,20210210,041325,001756,011835,23,23,19,강원도,홍천군,동면,좌운리,80,,임야,산불,사유림,임야,산정상,입산자실화,불꽃/불티,불꽃/불티,부주의,불씨/불꽃/화원방치,기타,기타,,,,41,6,0,0,0,0,0,35,3,맑음,6,70,135,4.0,
88,210000000000000.0,0,0,0,0,강원소방본부,강릉소방서,옥계119안전센터,,20210216,022600,20210216,022624,129.024,37.6084,20210216,022906,20210216,024523,20210216,164452,20210216,053408,20210216,090512,001617,024845,29,1,0,강원도,강릉시,옥계면,현내리,107,,임야,산불,사유림,임야,산정상,미상,담뱃불/라이터불,담뱃불,부주의,담배꽁초,종이/목재/건초등,풀/나뭇잎,,,,209,73,60,5,0,0,71,0,32,맑음,1,30,315,8.0,
89,210000000000000.0,0,0,0,0,강원소방본부,화천소방서,사내119안전센터,,20210217,044000,20210217,044000,,,20210217,044600,20210217,045100,20210217,182300,20210218,075300,20210218,084000,000500,150200,38,8,0,강원도,화천군,사내면,명월리,1043,,임야,산불,국유림,임야,산중턱,군경사격장,폭발물/폭죽,폭탄/탄약,화학적요인,자연발화,종이/목재/건초등,건초,종이/목재/건초등,건초,기상(건조/강풍등),144,18,32,4,10,50,30,0,19,맑음,-8,34,0,4.0,
90,210000000000000.0,0,0,0,49636,강원소방본부,양양소방서,양양119안전센터,,20210218,101400,20210218,101429,,,20210218,101521,20210218,122400,20210218,011757,20210219,041540,20210219,043232,000839,055140,7,7,0,강원도,양양군,양양읍,사천리,,사천길67,임야,산불,사유림,임야,산아래,논/밭두렁,불꽃/불티,불꽃/불티,부주의,부주의,종이/목재/건초등,풀/나뭇잎,종이/목재/건초등,나무,가연성물질의급격한연소/기상(건조/강풍등)/화재인지/신고지연,1028,172,238,43,300,0,182,93,676,맑음,-1,32,225,8.0,건조경보
91,210000000000000.0,0,0,0,0,강원소방본부,화천소방서,화천119안전센터,,20210220,011300,20210220,011300,,,20210220,011400,20210220,013600,20210220,151521,20210220,070000,20210220,070000,002200,052400,22,18,20,강원도,화천군,상서면,다목리,140-1,,임야,산불,국유림,임야,산중턱,미상,미상,미상,미상,미상,미상,미상,종이/목재/건초등,나무,기상(건조/강풍등),241,14,8,4,20,150,45,0,18,맑음,14,55,270,4.0,
92,210000000000000.0,0,0,0,4857,강원소방본부,정선소방서,임계119안전센터,여량면119지역대,20210220,035000,20210220,035005,128.7422,37.5178,20210220,035038,20210220,040708,20210220,094036,20210220,094036,20210221,103036,001630,173328,29,28,12,강원도,정선군,여량면,구절리,202,중동길159,임야,산불,국유림,임야,산아래,기타,불꽃/불티,불꽃/불티,부주의,불씨/불꽃/화원방치,기타,기타,기타,기타,기타/가연성물질의급격한연소/기상(건조/강풍등),421,48,42,15,60,0,238,18,53,맑음,12,30,45,4.0,
93,210000000000000.0,0,0,0,0,강원소방본부,화천소방서,화천119안전센터,,20210222,021100,20210222,021118,127.8389,38.0286,20210222,021146,20210222,021844,20210222,144400,20210222,030600,20210222,033444,000658,004716,22,22,5,강원도,화천군,간동면,간척리,,,임야,산불,사유림,임야,산아래,미상,미상,미상,미상,미상,기타,기타,,,,81,18,17,6,10,0,30,0,14,맑음,14,39,270,4.0,건조주의보
94,210000000000000.0,0,0,0,0,강원소방본부,홍천소방서,홍천119안전센터,북방119지역대,20210226,013300,20210226,013351,127.7667,37.7444,20210226,013751,20210226,020558,20210226,143015,20210226,060000,20210226,060515,002807,035402,21,0,16,강원도,홍천군,북방면,전치곡리,,,임야,산불,사유림,임야,산정상,미상,미상,미상,미상,미상,미상,미상,,,,106,25,15,6,20,0,30,10,10,맑음,10,35,90,4.0,
95,210000000000000.0,0,1,1,6751,강원소방본부,영월소방서,중동119안전센터,김삿갓119지역대,20210311,024600,20210311,024653,128.5572,37.1139,20210311,024705,20210311,025800,20210311,171209,20210312,075631,20210312,090747,001055,165831,16,19,5,강원도,영월군,김삿갓면,대야리,142,,임야,산불,사유림,임야,산아래,논/밭두렁,불꽃/불티,쓰레기/논밭두렁,부주의,논/임야태우기,종이/목재/건초등,종이/목재/건초등,종이/목재/건초등,종이/목재/건초등,가연성물질의급격한연소/기상(건조/강풍등),164,26,28,25,27,0,58,0,21,맑음,17,17,225,4.0,
96,210000000000000.0,0,0,0,0,강원소방본부,영월소방서,중동119안전센터,김삿갓119지역대,20210312,071100,20210312,071136,128.5561,37.1135,20210312,071224,20210312,072840,20210312,223716,20210312,103916,20210312,103916,001616,031036,18,24,8,강원도,영월군,김삿갓면,대야리,138-3,,임야,산불,사유림,임야,산중턱,미상,미상,미상,미상,미상,미상,미상,,,,33,14,2,2,0,0,15,0,8,비,7,62,90,4.0,
97,210000000000000.0,0,0,0,9900,강원소방본부,홍천소방서,홍천119안전센터,화촌119지역대,20210323,035200,20210323,035214,127.9725,37.7758,20210323,035541,20210323,035717,20210323,194808,20210324,124000,20210324,110000,000136,084243,13,13,0,강원도,홍천군,화촌면,성산리,18,성산로210-13,임야,산불,사유림,임야,산중턱,미상,담뱃불/라이터불,담뱃불,부주의,담배꽁초,종이/목재/건초등,건초,종이/목재/건초등,나무,기상(건조/강풍등),310,50,51,14,60,0,0,135,33,맑음,17,25,315,8.0,
98,210000000000000.0,0,0,0,0,강원소방본부,삼척소방서,원덕119안전센터,가곡119지역대,20210330,021100,20210330,021109,129.2102,37.1496,20210330,021138,20210330,021740,20210330,155300,20210330,070000,20210330,070000,000602,044220,55,18,1,강원도,삼척시,가곡면,탕곡리,23,,임야,산불,사유림,임야,산중턱,입산자실화,불꽃/불티,불꽃/불티,부주의,부주의,종이/목재/건초등,풀/나뭇잎,,,기타,197,47,30,10,0,0,110,0,22,맑음,16,26,90,8.0,
99,210000000000000.0,0,0,0,67716,강원소방본부,정선소방서,신동119안전센터,,20210331,033500,20210331,033510,128.622,37.2547,20210331,033545,20210331,035545,20210331,182010,20210401,124630,20210401,022046,002000,205045,32,15,0,강원도,정선군,신동읍,운치리,757,운치길293-22,임야,산불,사유림,임야,산아래,논/밭두렁,불꽃/불티,불꽃/불티,부주의,기기사용/설치부주의,종이/목재/건초등,종이/목재/건초등,종이/목재/건초등,종이/목재/건초등,기타/가연성물질의급격한연소,302,33,39,19,34,0,177,0,186,맑음,22,8,225,4.0,건조주의보
100,210000000000000.0,0,0,0,0,강원소방본부,양구소방서,양구119안전센터,동면119지역대,20210331,035600,20210331,045648,,,20210331,050003,20210331,051605,20210331,081000,20210401,110000,20210401,110000,001602,174355,12,12,10,강원도,양구군,양구읍,도사리,1,,임야,산불,국유림,임야,미상,미상,미상,미상,미상,미상,미상,미상,기타,기타,,98,10,21,0,0,0,67,0,15,맑음,20,13,315,4.0,
101,210000000000000.0,0,0,0,0,강원소방본부,홍천소방서,홍천119안전센터,동면119지역대,20210417,093300,20210417,093354,127.9226,37.6323,20210417,093417,20210417,094541,20210417,100353,20210417,101440,20210417,103146,001124,002859,10,10,6,강원도,홍천군,동면,월운리,120,,임야,산불,사유림,임야,산아래,미상,미상,미상,부주의,불씨/불꽃/화원방치,종이/목재/건초등,풀/나뭇잎,종이/목재/건초등,풀/나뭇잎,기상(건조/강풍등),54,14,2,5,0,0,33,0,12,맑음,9,62,225,4.0,
102,210000000000000.0,0,0,0,0,강원소방본부,평창소방서,진부119안전센터,,20210417,120400,20210417,120442,128.6374,37.5927,20210417,120517,20210417,122702,20210417,004521,20210417,013150,20210417,014222,002145,010448,42,16,0,강원도,평창군,진부면,봉산리,,,임야,산불,공유림,임야,산정상,미상,미상,미상,미상,미상,기타,기타,,,,53,11,0,3,18,0,21,0,7,맑음,14,29,180,,
103,210000000000000.0,0,0,0,0,강원소방본부,정선소방서,조양119안전센터,,20210418,010000,20210418,010059,128.5861,37.4106,20210418,010140,20210418,011847,20210418,143448,20210418,023448,20210418,023448,001707,011601,16,16,23,강원도,정선군,정선읍,회동리,323-1,청량길24,임야,산불,국유림,임야,평지,기타,불꽃/불티,불꽃/불티,부주의,불씨/불꽃/화원방치,종이/목재/건초등,종이/목재/건초등,,,,31,25,0,2,0,0,4,0,12,맑음,13,30,90,4.0,
104,210000000000000.0,0,0,0,0,강원소방본부,횡성소방서,공근119안전센터,,20210419,044500,20210419,044554,127.9247,37.5281,20210419,044707,20210419,051242,20210419,190000,20210419,083009,20210419,083249,002535,031727,11,6,0,강원도,횡성군,공근면,초원리,산1,,임야,산불,국유림,임야,산중턱,담뱃불,담뱃불/라이터불,담뱃불/라이터불,부주의,담배꽁초,종이/목재/건초등,풀/나뭇잎,,,,151,33,0,0,0,0,118,0,17,맑음,19,30,135,4.0,
105,210000000000000.0,0,1,1,0,강원소방본부,홍천소방서,양덕원119안전센터,,20210420,032200,20210420,032205,127.6887,37.8806,20210420,032311,20210420,034727,20210420,163433,20210420,045209,20210420,070000,002416,010442,17,12,0,강원도,홍천군,남면,명동리,32,,임야,산불,사유림,임야,산아래,논/밭두렁,불꽃/불티,쓰레기/논밭두렁,부주의,논/임야태우기,종이/목재/건초등,풀/나뭇잎,종이/목재/건초등,풀/나뭇잎,가연성물질의급격한연소/기상(건조/강풍등),64,19,10,10,0,0,25,0,21,맑음,26,22,315,4.0,
106,210000000000000.0,0,0,0,3850,강원소방본부,평창소방서,대관령119안전센터,,20210421,122000,20210421,122045,128.6438,37.6787,20210421,122234,20210421,123246,20210421,135931,20210421,025124,20210421,025618,001012,021838,56,7,0,강원도,평창군,대관령면,유천리,111-1,경강로4605-23,임야,산불,사유림,임야,산중턱,담뱃불,담뱃불/라이터불,담뱃불,부주의,담배꽁초,종이/목재/건초등,풀/나뭇잎,,,,177,20,33,12,30,0,53,29,22,맑음,24,29,315,4.0,
107,210000000000000.0,0,0,0,0,강원소방본부,양구소방서,양구119안전센터,,20210421,010800,20210421,010850,128.0482,38.1869,20210421,011010,20210421,013504,20210421,133925,20210421,015512,20210421,024554,002454,002008,30,30,13,강원도,양구군,동면,비아리,131,,임야,산불,국유림,임야,산아래,기타,폭발물/폭죽,폭탄/탄약,화학적요인,자연발화,종이/목재/건초등,풀/나뭇잎,,,,52,7,0,2,0,40,3,0,5,맑음,26,17,315,4.0,
108,210000000000000.0,0,0,0,0,강원소방본부,화천소방서,화천119안전센터,,20210421,043100,20210421,043157,127.7322,38.13,20210421,043313,20210421,043919,20210421,164157,20210421,044406,20210421,050442,000606,000447,5,5,0,강원도,화천군,화천읍,풍산리,1378-1,,임야,산불,사유림,임야,평지,미상,미상,미상,미상,미상,종이/목재/건초등,목재/합판,,,,28,20,0,3,0,0,5,0,10,맑음,27,9,135,4.0,
109,210000000000000.0,0,0,0,2959,강원소방본부,철원소방서,동송119안전센터,,20210422,012700,20210422,012707,127.2352,38.2433,20210422,012825,20210422,013723,20210422,135918,20210422,021618,20210422,031018,000858,003855,14,7,0,강원도,철원군,동송읍,대위리,32,,임야,산불,사유림,임야,산중턱,성묘객,불꽃/불티,쓰레기/논밭두렁,부주의,쓰레기소각,쓰레기류,기타쓰레기,종이/목재/건초등,풀/나뭇잎,기상(건조/강풍등),52,24,0,4,4,0,0,20,16,맑음,26,31,90,4.0,
110,210000000000000.0,0,0,0,0,강원소방본부,원주소방서,신림119안전센터,,20210425,023200,20210425,023201,128.0544,37.3039,20210425,023516,20210425,031325,20210425,160845,20210425,054224,20210425,060524,003809,022859,24,8,0,강원도,원주시,신림면,성남리,160,,임야,산불,공유림,임야,산중턱,담뱃불,담뱃불/라이터불,담뱃불,부주의,담배꽁초,종이/목재/건초등,풀/나뭇잎,종이/목재/건초등,풀/나뭇잎,기상(건조/강풍등)/원거리소방서,126,20,16,2,11,0,77,0,30,맑음,20,31,225,4.0,
111,210000000000000.0,0,0,0,0,강원소방본부,원주소방서,단구119안전센터,,20210426,052900,20210426,052913,127.9553,37.3175,20210426,052958,20210426,053748,20210426,175312,20210426,055312,20210426,062137,000750,001524,4,4,0,강원도,원주시,단구동,,896,,임야,산불,사유림,임야,산아래,입산자실화,담뱃불/라이터불,담뱃불/라이터불,부주의,쓰레기소각,종이/목재/건초등,풀/나뭇잎,,,,67,25,0,4,8,0,30,0,12,맑음,21,23,315,4.0,
112,210000000000000.0,0,0,0,0,강원소방본부,인제소방서,인제119안전센터,,20210427,011300,20210427,011308,128.1028,38.1483,20210427,011636,20210427,013629,20210427,140429,20210427,022229,20210427,024929,001953,004600,19,19,0,강원도,인제군,인제읍,가아리,1,,임야,산불,사유림,임야,산중턱,기타,담뱃불/라이터불,담뱃불/라이터불,부주의,부주의,종이/목재/건초등,종이/목재/건초등,,,,126,20,20,5,17,0,64,0,11,맑음,18,37,225,4.0,
113,210000000000000.0,0,0,0,0,강원소방본부,삼척소방서,원덕119안전센터,,20210429,090700,20210429,090750,129.1636,37.1303,20210429,090937,20210429,092034,20210429,231103,20210430,010542,20210430,010542,001057,034508,61,24,6,강원도,삼척시,가곡면,풍곡리,571,가곡천로905-8,임야,산불,국유림,임야,산정상,기타,기타,기타,자연적인요인,자연적재해,종이/목재/건초등,풀/나뭇잎,,,,103,28,21,0,0,0,52,2,21,맑음,6,95,270,4.0,
114,211000000000000.0,0,0,0,0,강원소방본부,인제소방서,원통119안전센터,서화119지역대,20210506,053000,20210506,053053,128.1968,38.2543,20210506,053202,20210506,054500,20210506,181000,20210506,062332,20210506,073904,001258,003832,28,20,7,강원도,인제군,서화면,심적리,742-2,,임야,산불,국유림,임야,산아래,담뱃불,담뱃불/라이터불,담뱃불,부주의,담배꽁초,종이/목재/건초등,풀/나뭇잎,,,,81,16,17,7,0,0,41,0,15,맑음,18,36,225,12.0,
115,211000000000000.0,0,0,0,0,강원소방본부,삼척소방서,원덕119안전센터,임원119지역대,20210506,090600,20210506,090640,129.253,37.3529,20210506,090915,20210506,092245,20210506,223934,20210506,103934,20210506,115312,001330,011649,26,22,8,강원도,삼척시,원덕읍,갈남리,197-3,삼척로1852-6,임야,산불,국유림,임야,산아래,미상,미상,미상,미상,미상,종이/목재/건초등,풀/나뭇잎,,,,110,30,0,0,0,10,70,0,22,맑음,16,54,225,4.0,
116,211000000000000.0,0,0,0,101,강원소방본부,삼척소방서,도계119안전센터,,20210507,110500,20210507,110548,129.0825,37.2117,20210507,110834,20210507,112040,20210507,004020,20210507,013020,20210507,024420,001206,020940,39,8,0,강원도,삼척시,도계읍,황조리,산123-1,황조길61,임야,산불,사유림,임야,산중턱,담뱃불,담뱃불/라이터불,담뱃불,부주의,담배꽁초,종이/목재/건초등,건초,,,,248,50,10,12,50,0,126,0,31,맑음,17,46,225,,풍랑주의보
117,211000000000000.0,0,0,0,0,강원소방본부,횡성소방서,우천119안전센터,안흥지역대,20210508,121200,20210508,121220,128.1847,37.4111,20210508,121312,20210508,122927,20210508,135333,20210508,015433,20210508,062202,001615,012506,38,25,15,강원도,횡성군,안흥면,상안리,,서동로상안2길26-25,임야,산불,국유림,임야,산정상,담뱃불,담뱃불/라이터불,담뱃불,부주의,담배꽁초,종이/목재/건초등,풀/나뭇잎,,,,95,16,18,2,9,0,0,50,15,맑음,15,59,225,4.0,풍랑주의보
118,211000000000000.0,0,0,0,0,강원소방본부,홍천소방서,양덕원119안전센터,,20210509,011600,20210509,011611,127.8322,37.5889,20210509,011719,20210509,012624,20210509,135054,20210509,015339,20210509,022934,000905,002715,22,7,0,강원도,홍천군,남면,시동리,901,시동안로226-7,임야,산불,사유림,임야,산아래,기타,담뱃불/라이터불,담뱃불/라이터불,부주의,불장난,종이/목재/건초등,풀/나뭇잎,,,,81,20,15,5,15,0,0,26,14,맑음,21,24,315,4.0,
119,211000000000000.0,0,0,0,0,강원소방본부,철원소방서,동송119안전센터,,20210509,014300,20210509,014301,127.1795,38.2408,20210509,014415,20210509,015216,20210509,141148,20210509,022131,20210509,031302,000801,002915,16,8,0,강원도,철원군,철원읍,율이리,93,,임야,산불,사유림,임야,산중턱,담뱃불,담뱃불/라이터불,담뱃불,부주의,담배꽁초,종이/목재/건초등,풀/나뭇잎,,,,60,15,0,6,2,0,37,0,12,맑음,20,26,315,8.0,
120,211000000000000.0,0,0,0,0,강원소방본부,철원소방서,동송119안전센터,,20210509,054400,20210509,054449,127.2108,38.2256,20210509,054536,20210509,054923,20210509,183358,20210509,063452,20210509,072843,000347,004529,12,2,0,강원도,철원군,철원읍,화지리,21,,임야,산불,사유림,임야,산정상,입산자실화,담뱃불/라이터불,라이터불/성냥불,부주의,불장난,종이/목재/건초등,풀/나뭇잎,,,,67,19,0,6,5,0,37,0,13,맑음,19,22,270,8.0,
121,211000000000000.0,0,0,0,0,강원소방본부,태백소방서,화전119안전센터,,20210513,033700,20210513,033705,128.9908,37.3042,20210513,033756,20210513,035917,20210513,182000,20210513,083416,20210513,102500,002121,043459,21,18,0,강원도,태백시,하사미동,,10,,임야,산불,사유림,임야,산중턱,기타,작동기기,불꽃/스파크/정전기,기계적요인,과열/과부하,종이/목재/건초등,풀/나뭇잎,종이/목재/건초등,나무,가연성물질의급격한연소,144,22,0,6,32,11,12,61,18,맑음,23,43,45,4.0,
122,211000000000000.0,0,0,0,0,강원소방본부,횡성소방서,우천119안전센터,안흥지역대,20210514,115000,20210514,115006,128.19,37.4056,20210514,115034,20210514,120242,20210514,131125,20210514,015508,20210514,041424,001208,015226,26,14,6,강원도,횡성군,안흥면,상안리,35,서동로상안2길133,임야,산불,사유림,임야,산아래,건물,작동기기,전기적아크,전기적요인,절연열화에의한단락,종이/목재/건초등,풀/나뭇잎,,,,131,23,23,5,31,0,10,39,18,맑음,24,58,0,4.0,
123,211000000000000.0,0,0,0,223,강원소방본부,강릉소방서,주문진119안전센터,,20210607,031100,20210607,031139,128.8033,37.8992,20210607,031226,20210607,032610,20210607,153855,20210607,045149,20210607,045149,001344,012539,22,7,0,강원도,강릉시,주문진읍,향호리,126,,임야,산불,사유림,임야,산중턱,논/밭두렁,불꽃/불티,쓰레기/논밭두렁,부주의,쓰레기소각,종이/목재/건초등,목재/합판,,,,50,10,10,7,0,0,23,0,11,맑음,25,62,225,4.0,
124,211000000000000.0,0,0,0,0,강원소방본부,홍천소방서,서석119안전센터,내촌119지역대,20210608,025200,20210608,025246,128.0653,37.8212,20210608,025414,20210608,030349,20210608,153200,20210608,042904,20210608,045641,000935,012515,26,0,5,강원도,홍천군,내촌면,화상대리,산9-2,,임야,산불,사유림,임야,산정상,기타,자연적발화열,낙뢰,자연적인요인,자연적재해,종이/목재/건초등,나무,,,,48,10,12,3,13,0,0,10,6,맑음,19,78,45,4.0,
125,210000000000000.0,0,0,0,0,강원소방본부,고성소방서,동광119안전센터,,20210106,131900,20210106,131939,128.5538,38.2602,20210106,132134,20210106,132922,20210106,013630,20210106,134156,20210106,144105,000748,001234,18,4,0,강원도,고성군,토성면,용암리,,,임야,산불,사유림,임야,산아래,기타,담뱃불/라이터불,담뱃불,부주의,담배꽁초,종이/목재/건초등,풀/나뭇잎,,,,72,21,0,6,45,0,0,0,8,맑음,-3,15,315,4.0,풍랑주의보
126,210000000000000.0,0,0,0,0,강원소방본부,철원소방서,동송119안전센터,,20210123,182100,20210123,182154,127.1806,38.2545,20210123,182408,20210123,183754,20210123,064249,20210123,185717,20210123,191754,001346,001923,19,9,0,강원도,철원군,철원읍,사요리,784-1,,임야,산불,사유림,임야,평지,담뱃불,담뱃불/라이터불,담뱃불,부주의,담배꽁초,종이/목재/건초등,건초,,,,23,18,0,4,1,0,0,0,9,맑음,3,74,225,4.0,
127,210000000000000.0,0,0,0,0,강원소방본부,철원소방서,동송119안전센터,,20210211,151200,20210211,151221,127.3605,38.2836,20210211,151321,20210211,152544,20210211,033148,20210211,153530,20210211,171610,001223,000946,15,15,0,강원도,철원군,동송읍,이길리,333-3,,임야,산불,사유림,임야,평지,미상,담뱃불/라이터불,담뱃불,부주의,담배꽁초,종이/목재/건초등,풀/나뭇잎,,,,22,6,0,4,0,12,0,0,8,맑음,8,47,225,4.0,
128,210000000000000.0,0,0,0,0,강원소방본부,고성소방서,간성119안전센터,,20210211,181200,20210211,181219,128.4495,38.3746,20210211,181249,20210211,182042,20210211,065042,20210211,191042,20210211,213242,000753,005000,4,4,0,강원도,고성군,간성읍,간촌리,240,,임야,산불,사유림,임야,산아래,담뱃불,담뱃불/라이터불,담뱃불,부주의,담배꽁초,종이/목재/건초등,풀/나뭇잎,,,,231,41,40,2,32,0,71,45,21,맑음,8,65,180,4.0,
129,210000000000000.0,0,0,0,0,강원소방본부,고성소방서,간성119안전센터,,20210214,140000,20210214,140058,128.51,38.3511,20210214,140130,20210214,141043,20210214,021232,20210214,142235,20210214,144332,000913,001152,6,6,0,강원도,고성군,죽왕면,공현진리,153-14,공현진해변길27,임야,산불,사유림,임야,평지,기타,담뱃불/라이터불,담뱃불,부주의,담배꽁초,종이/목재/건초등,풀/나뭇잎,,,,7,4,0,3,0,0,0,0,2,맑음,9,81,45,4.0,
130,210000000000000.0,0,0,0,0,강원소방본부,원주소방서,단구119안전센터,,20210217,220700,20210217,220749,127.9483,37.3181,20210217,220911,20210217,221456,20210217,101656,20210217,221656,20210217,224508,000545,000200,5,3,0,강원도,원주시,단구동,,산107-7,,임야,산불,사유림,임야,평지,기타,담뱃불/라이터불,담뱃불,부주의,담배꽁초,종이/목재/건초등,풀/나뭇잎,,,,0,0,0,0,0,0,0,0,0,맑음,-9,47,315,4.0,
131,210000000000000.0,0,0,0,0,강원소방본부,양양소방서,양양119안전센터,,20210218,015100,20210218,015156,128.6341,38.1143,20210218,015230,20210218,020208,20210218,021430,20210218,021430,20210218,023133,000938,001222,7,7,0,강원도,양양군,양양읍,조산리,440-8,해맞이길90,임야,산불,사유림,임야,평지,기타,담뱃불/라이터불,담뱃불,부주의,담배꽁초,종이/목재/건초등,풀/나뭇잎,,,,22,20,0,2,0,0,0,0,7,맑음,-8,43,270,4.0,
132,210000000000000.0,0,0,0,0,강원소방본부,양양소방서,양양119안전센터,,20210219,124200,20210219,124258,128.6281,38.0958,20210219,124356,20210219,125158,20210219,010056,20210219,130817,20210219,163609,000802,001619,5,8,0,강원도,양양군,양양읍,포월리,248,,임야,산불,사유림,임야,평지,논/밭두렁,담뱃불/라이터불,담뱃불,부주의,담배꽁초,종이/목재/건초등,건초,종이/목재/건초등,건초,,29,25,0,4,0,0,0,0,10,맑음,7,32,270,12.0,풍랑주의보
133,210000000000000.0,0,0,0,0,강원소방본부,강릉소방서,내곡119안전센터,,20210219,153400,20210219,153411,128.8996,37.7014,20210219,153554,20210219,155020,20210219,041701,20210219,161701,20210219,162000,001426,002641,10,8,0,강원도,강릉시,구정면,어단리,481-24,어단1길42-6,임야,산불,사유림,임야,평지,쓰레기소각장,불꽃/불티,굴뚝아궁이,부주의,부주의,쓰레기류,쓰레기,,,,24,10,0,4,0,0,10,0,4,맑음,5,41,225,8.0,풍랑주의보
134,210000000000000.0,0,0,0,0,강원소방본부,강릉소방서,경포119안전센터,,20210219,165800,20210219,165848,,,20210219,165946,20210219,170709,20210219,051702,20210219,174829,20210219,175309,000723,004120,12,2,0,강원도,강릉시,안현동,,216-8,,임야,산불,사유림,임야,평지,기타,담뱃불/라이터불,담뱃불,부주의,담배꽁초,기타,기타,,,,60,25,0,25,0,0,10,0,15,맑음,11,31,225,17.0,풍랑주의보
135,210000000000000.0,0,0,0,0,강원소방본부,홍천소방서,홍천119안전센터,북방119지역대,20210219,190100,20210219,190146,,,20210219,190240,20210219,190806,20210219,071750,20210219,191827,20210219,195117,000526,001021,7,7,1,강원도,홍천군,북방면,능평리,,능평길17,임야,산불,사유림,임야,평지,기타,불꽃/불티,비화,부주의,불씨/불꽃/화원방치,종이/목재/건초등,풀/나뭇잎,종이/목재/건초등,풀/나뭇잎,기상(건조/강풍등)/화재인지/신고지연,21,17,0,4,0,0,0,0,8,맑음,3,64,45,4.0,풍랑주의보
136,210000000000000.0,0,0,0,0,강원소방본부,양양소방서,양양119안전센터,,20210220,050000,20210220,052200,,,20210220,061600,20210220,003136,20210220,123758,20210220,103058,20210220,013658,002520,005922,20,20,0,강원도,양양군,서면,서림리,150-2,,임야,산불,사유림,임야,산아래,담뱃불,담뱃불/라이터불,담뱃불,부주의,담배꽁초,종이/목재/건초등,풀/나뭇잎,,,,34,28,0,2,0,0,4,0,10,맑음,6,76,270,8.0,
137,210000000000000.0,0,0,0,0,강원소방본부,춘천소방서,대룡119안전센터,,20210220,145700,20210220,145710,127.7725,37.7975,20210220,145736,20210220,151200,20210220,031200,20210220,151200,20210220,151200,001424,000000,13,6,0,강원도,춘천시,동산면,원창리,232-6,,임야,산불,사유림,임야,미상,미상,미상,미상,미상,미상,미상,미상,,,,83,20,10,4,10,0,10,29,11,맑음,15,22,270,4.0,
138,210000000000000.0,0,0,0,0,강원소방본부,철원소방서,김화119안전센터,,20210220,180400,20210220,180421,127.4639,38.19,20210220,180520,20210220,181928,20210220,062603,20210220,183824,20210220,184442,001408,001856,19,11,0,강원도,철원군,근남면,잠곡리,400-3,하오재로1455,임야,산불,사유림,임야,평지,기타,불꽃/불티,모닥불/연탄/숯,부주의,불씨/불꽃/화원방치,종이/목재/건초등,건초,,,,28,18,0,2,0,0,0,8,10,맑음,9,34,45,4.0,
139,210000000000000.0,0,0,0,0,강원소방본부,원주소방서,흥업119안전센터,,20210221,192200,20210221,192243,127.9236,37.3022,20210221,192429,20210221,193255,20210221,075000,20210221,195026,20210221,195026,000826,001731,8,5,0,강원도,원주시,무실동,,1575-1,,임야,산불,사유림,임야,평지,미상,미상,미상,미상,미상,종이/목재/건초등,풀/나뭇잎,,,,25,22,0,3,0,0,0,0,6,맑음,17,31,225,4.0,풍랑주의보
140,210000000000000.0,0,0,0,0,강원소방본부,원주소방서,흥업119안전센터,,20210319,113500,20210319,113555,127.915,37.29,20210319,113811,20210319,114809,20210319,123645,20210319,124108,20210319,125450,000958,005259,11,3,0,강원도,원주시,흥업면,매지리,233,,임야,산불,사유림,임야,산아래,미상,미상,미상,미상,미상,종이/목재/건초등,풀/나뭇잎,종이/목재/건초등,풀/나뭇잎,,42,16,0,2,7,0,17,0,9,맑음,16,33,135,4.0,
141,210000000000000.0,0,0,0,0,강원소방본부,철원소방서,갈말119안전센터,,20210330,170300,20210330,170336,127.2906,38.1356,20210330,170407,20210330,171153,20210330,051640,20210330,172115,20210330,173449,000746,000922,9,4,0,강원도,철원군,갈말읍,지포리,81,,임야,산불,사유림,임야,산아래,쓰레기소각장,불꽃/불티,쓰레기/논밭두렁,부주의,쓰레기소각,종이/목재/건초등,건초,,,,49,17,0,0,2,0,10,20,10,맑음,18,22,315,4.0,
142,210000000000000.0,0,0,0,0,강원소방본부,횡성소방서,우천119안전센터,,20210401,102000,20210401,102049,128.1793,37.4312,20210401,102120,20210401,102653,20210401,104137,20210401,105201,20210401,110133,000533,002508,25,13,3,강원도,횡성군,안흥면,지구리,836-19,,임야,산불,사유림,임야,평지,기타,불꽃/불티,용접/절단/연마,부주의,용접/절단/연마,종이/목재/건초등,종이/목재/건초등,,,,25,13,0,2,3,0,7,0,10,맑음,15,31,135,4.0,
143,210000000000000.0,0,0,0,0,강원소방본부,화천소방서,사내119안전센터,,20210407,121100,20210407,121110,127.5223,38.0885,20210407,121155,20210407,121622,20210407,125500,20210407,130500,20210407,154051,000427,004838,32,3,0,강원도,화천군,사내면,사창리,82,,임야,산불,사유림,임야,산아래,미상,미상,미상,미상,미상,종이/목재/건초등,풀/나뭇잎,종이/목재/건초등,풀/나뭇잎,,109,28,21,5,5,20,10,20,19,맑음,19,24,90,4.0,
144,210000000000000.0,0,0,0,0,강원소방본부,양양소방서,강현119안전센터,,20210409,053300,20210409,053307,,,20210409,054737,20210409,055304,20210409,060822,20210409,061022,20210409,065356,000527,001718,16,4,0,강원도,양양군,강현면,강선리,110,,임야,산불,사유림,임야,산중턱,미상,미상,미상,부주의,담배꽁초,종이/목재/건초등,건초,,,,24,24,0,0,0,0,0,0,10,맑음,9,41,90,4.0,
145,210000000000000.0,0,0,0,0,강원소방본부,원주소방서,문막119안전센터,지정119지역대,20210409,170200,20210409,170259,127.7819,37.3574,20210409,170339,20210409,171812,20210409,055019,20210409,181419,20210409,183251,001433,005607,27,12,9,강원도,원주시,지정면,안창리,831-5,,임야,산불,사유림,임야,평지,쓰레기소각장,담뱃불/라이터불,라이터불/성냥불,부주의,논/임야태우기,종이/목재/건초등,풀/나뭇잎,종이/목재/건초등,풀/나뭇잎,기상(건조/강풍등),102,30,30,2,10,0,30,0,16,맑음,18,32,180,4.0,
146,210000000000000.0,0,0,0,0,강원소방본부,정선소방서,조양119안전센터,,20210412,130200,20210412,130241,128.6372,37.4328,20210412,130320,20210412,131910,20210412,011932,20210412,134609,20210412,143830,001550,002659,16,8,16,강원도,정선군,북평면,나전리,119,,임야,산불,사유림,임야,평지,쓰레기소각장,불꽃/불티,쓰레기/논밭두렁,부주의,쓰레기소각,쓰레기류,쓰레기,기타,기타,기타,34,21,0,3,2,0,8,0,14,비,13,42,225,4.0,
147,210000000000000.0,0,0,0,0,강원소방본부,원주소방서,흥업119안전센터,,20210420,094600,20210420,094627,127.9275,37.3161,20210420,094655,20210420,095419,20210420,095803,20210420,095803,20210420,100429,000724,000344,7,6,0,강원도,원주시,무실동,,756,무실복거리길41-26,임야,산불,사유림,임야,평지,기타,담뱃불/라이터불,담뱃불,부주의,담배꽁초,종이/목재/건초등,풀/나뭇잎,,,,33,26,0,5,0,0,2,0,12,맑음,14,53,45,4.0,
148,210000000000000.0,0,0,0,0,강원소방본부,원주소방서,학성119안전센터,,20210420,124300,20210420,124318,127.9356,37.3403,20210420,124401,20210420,124754,20210420,125040,20210420,125040,20210420,125552,000353,000246,5,3,0,강원도,원주시,단계동,,1058,,임야,산불,사유림,임야,평지,기타,담뱃불/라이터불,담뱃불,부주의,담배꽁초,종이/목재/건초등,풀/나뭇잎,,,,26,23,0,3,0,0,0,0,10,맑음,21,28,45,4.0,
149,210000000000000.0,0,0,0,0,강원소방본부,원주소방서,문막119안전센터,,20210421,141900,20210421,141922,127.8256,37.3309,20210421,142019,20210421,142718,20210421,023555,20210421,143555,20210421,145223,000659,000837,22,4,0,강원도,원주시,문막읍,동화리,1288-47,,임야,산불,사유림,임야,평지,쓰레기소각장,담뱃불/라이터불,담뱃불,부주의,담배꽁초,쓰레기류,쓰레기,쓰레기류,쓰레기,기상(건조/강풍등),28,26,0,2,0,0,0,0,7,맑음,28,20,270,4.0,건조주의보
150,210000000000000.0,0,0,0,0,강원소방본부,평창소방서,봉평119안전센터,,20210425,122200,20210425,122255,128.3217,37.6503,20210425,122348,20210425,124140,20210425,030818,20210425,150818,20210425,150818,001752,022638,42,9,0,강원도,평창군,봉평면,흥정리,358-11,흥정계곡4길21,임야,산불,사유림,임야,산아래,기타,담뱃불/라이터불,담뱃불,부주의,담배꽁초,종이/목재/건초등,풀/나뭇잎,,,,53,7,0,3,0,0,0,43,7,맑음,13,41,135,4.0,
151,211000000000000.0,0,0,0,0,강원소방본부,속초소방서,노학119안전센터,,20210604,171900,20210604,171907,128.5523,38.1994,20210604,171941,20210604,172629,20210604,052734,20210604,173534,20210604,174034,000648,000905,3,3,0,강원도,속초시,노학동,,679,이목로104-2,임야,산불,사유림,임야,산아래,기타,담뱃불/라이터불,담뱃불/라이터불,부주의,담배꽁초,기타,기타,,,,37,29,0,8,0,0,0,0,14,맑음,26,29,315,4.0,
152,211000000000000.0,0,0,0,0,강원소방본부,정선소방서,신동119안전센터,,20210622,112500,20210622,112542,128.6889,37.2031,20210622,112644,20210622,114540,20210622,114540,20210622,121807,20210622,124254,001856,003227,33,10,0,강원도,정선군,신동읍,조동리,,,임야,산불,사유림,임야,산아래,미상,미상,미상,미상,미상,종이/목재/건초등,나무,,,,19,19,0,0,0,0,0,0,8,맑음,23,69,225,4.0,
